id,created_at,text
1215394148972449792,2020-01-09 22:05:20,"El presidente del #PS, senador @alvaroelizalde, inaugura nuestros ""Di√°logos Constitucionales"", organizado por @SenadoresPS, en el Congreso Nacional de Santiago. #ChileAprueba #NuevaConstitucion #ConvencionConstitucional. Sigue v√≠a streaming https://t.co/DtZCpq4eIW https://t.co/7Qxs28uEnp"
1215244597753982976,2020-01-09 12:11:04,"Este jueves 9 de enero iniciamos nuestros ""Di√°logos Constitucionales"" con el primer ciclo ""G√©nero y Constituci√≥n"". Todas y todos invitados a partir de las 18:30 en el Congreso Nacional de Santiago #ChileAprueba #NuevaConstituci√≥n #ConvencionConstitucional https://t.co/rGwR5smDhr"
1213129561283743744,2020-01-03 16:06:40,"Los partidos de la Convergencia Progresista (#PS, @PPD_Chile y @PRadicalcl) iniciaron hoy el camino del comando por la opci√≥n ""apruebo"" en el plebiscito constitucional #ChileAprueba #NuevaConstitucionParaChile #ConvencionConstitucional https://t.co/4HykB3MzQT"
1211792244912656384,2019-12-30 23:32:39,"Esta tarde conmemoramos los 30 a√±os de nuestra reunificaci√≥n. En la oportunidad, se present√≥ el primer libro de una serie de publicaciones de ""Ediciones Socialistas"" #ActitudSocialista #30A√±osUnidadSocialista https://t.co/ypUmFEZ07C"
1211642930311684097,2019-12-30 13:39:20,#PS lanza libro por los 30 a√±os de su reunificaci√≥n / v√≠a @ElMercurio_cl https://t.co/t4xsyDVWoH
1211393781884432384,2019-12-29 21:09:18,"Este 29 de diciembre conmemoramos 30 a√±os de nuestra reunificaci√≥n, hecho de relevancia para el socialismo y la historia de nuestro pa√≠s #ActitudSocialista ‚úä https://t.co/UIf0E40mkp"
1210536749153300480,2019-12-27 12:23:46,"Respecto de la campa√±a para el plebiscito de abril, el presidente del #PS, @alvaroelizalde, asegura en @EmolTV que ""espero que exista capacidad de coordinaci√≥n de todos quienes estamos por el apruebo, porque aquello va a permitir un mejor resultado"""
1210534157463502848,2019-12-27 12:13:28,"El presidente del #PS, @alvaroelizalde, asegura en @EmolTV que ""las declaraciones de Pi√±era fueron desafortunadas y lamentables. No dimensiona lo que est√° pasando en el pa√≠s"" https://t.co/1Z5OWA0Tdv"
1210533268778565633,2019-12-27 12:09:56,"Sobre el proceso constituyente, el presidente del #PS, @alvaroelizalde, afirma en @EmolTV que ""espero que la UDI no logre secuestrar al resto de los partidos de Gobierno en la paridad de g√©nero. Cuestionar esto √∫ltimo da cuenta de no entender los tiempos que estamos viviendo"""
1210325898202951681,2019-12-26 22:25:55,"Todos por #Valpara√≠so.
 Se necesita urgente:
- √ötiles de aseo para adultos y ni√±os
 - Ropa interior nueva 
- Calzado en buen estado
 - Mascarillas 
Centro de acopio: Sede nacional #PS, Par√≠s 869, jueves y viernes de 10:00 a 19:00 horas https://t.co/ZpRh2pwcAX"
1209460481523621889,2019-12-24 13:07:04,Las y los socialistas te deseamos felices fiestas #ActitudSocialista https://t.co/TrF2DUYIh0
1209217802248343553,2019-12-23 21:02:44,"El @iigualdad invita a ser parte de los equipos de trabajo que estar√°n desarrollando, durante las pr√≥ximas semanas, una serie de propuestas de contenidos para la nueva Constituci√≥n.

üìÖJueves 26 de diciembre
‚åö18:00 horas
üìçVicu√±a Mackenna 207 https://t.co/DC9sQPYgpi"
1209192854972751872,2019-12-23 19:23:36,".@PsDireccionRM invita a dirigentes comunales y regionales al Taller de Planificaci√≥n Pol√≠tica 2020. 
üìÖS√°bado 28 de diciembre
 ‚åö9:30 horas
üìçVicu√±a Mackenna 207 https://t.co/xOpQrw7lDC"
1208426467287326720,2019-12-21 16:38:15,Declaraci√≥n p√∫blica: Partido Socialista exige renuncia del intendente Guevara ante descontrol policial #PS https://t.co/ZfHS2qfYs4
1208025171979898880,2019-12-20 14:03:39,"""Si no inici√°bamos el proceso para una nueva Constituci√≥n a trav√©s de un acuerdo (del 15 de noviembre), las dem√°s normas que se aprobaron ayer no hubiesen sido posibles"", afirma el presidente del #PS, senador @alvaroelizalde, en @24HorasTVN https://t.co/SEiG55Rue0"
1208023053608869891,2019-12-20 13:55:14,"El presidente del #PS, @alvaroelizalde, asegura en @24HorasTVN que en el Senado hay condiciones para aprobar la paridad de g√©nero en el proceso constituyente #NuevaConstitucionParaChile #ParidadAhoraYa https://t.co/ipBXwFbDHd"
1207739937812045824,2019-12-19 19:10:14,"El Senado aprob√≥ esta tarde el proyecto de reforma que habilita el proceso constituyente. El presidente del #PS, @alvaroelizalde, dijo que hoy es un d√≠a hist√≥rico https://t.co/l3OhaS2hND"
1207698288058744833,2019-12-19 16:24:44,"Parte de la intervenci√≥n del presidente del #PS, senador @alvaroelizalde, en la discusi√≥n del proyecto que habilita el proceso constituyente https://t.co/t3aSH6Q2q0"
1206638003982086144,2019-12-16 18:11:33,"Conoce c√≥mo funciona el Protocolo contra la Violencia de G√©nero, Acoso y Abuso Sexual del #PS #ActitudSocialista https://t.co/MhCgoqECN4"
1206600430333169665,2019-12-16 15:42:14,"Declaraci√≥n p√∫blica del Partido Socialista de Chile sobre la consulta ciudadana municipal. ""Una manifestaci√≥n de m√°s de un mill√≥n de personas hace 60 d√≠as comenz√≥ el proceso, y ayer una marcha c√≠vica de m√°s de 2 millones lo reforz√≥"" #PS https://t.co/UAu2i6kPdb"
1206239694171840513,2019-12-15 15:48:48,"Partido Socialista conforma Comisi√≥n contra la Violencia de G√©nero, Acoso y Abuso Sexual #PS https://t.co/FLpsY4rLSn"
1205543898061430791,2019-12-13 17:43:57,Declaraci√≥n p√∫blica del Partido Socialista de Chile respecto del informe de la misi√≥n de la Alta Comisionada de las Naciones Unidas para los Derechos Humanos #PS https://t.co/Z2S5CJcr0I
1205131415135768577,2019-12-12 14:24:54,"""La #AcusacionConstitucional no tiene que ver con trayectoria (del ex ministro Chadwick), sino con su conducta como autoridad a partir del 18 de octubre. Los juicios pol√≠ticos est√°n establecidos"", afirma @alvaroelizalde, presidente del #PS, en @Bienvenidos13, @canal13 https://t.co/DWzXpMPJzH"
1205106338130538496,2019-12-12 12:45:15,"A esta hora el presidente del #PS, @alvaroelizalde, participa en matinal @Bienvenidos13, de @canal13, donde se refiere a la aprobaci√≥n de la #AcusacionConstitucional contra ex ministro Andr√©s Chadwick: ""El tiene responsabilidad pol√≠tica por violaciones a los DDHH"" https://t.co/zkir2wvb0d"
1204915495490613248,2019-12-12 00:06:55,Con votos de senadores del @PSChile se aprob√≥ esta noche la acusaci√≥n constitucional contra ex ministro Andr√©s Chadwick #PS https://t.co/9QY3MyQEpT
1204902404489195522,2019-12-11 23:14:53,#NoHayDerecho a que la polic√≠a abuse de ti. Cecilia es una de las miles de v√≠ctimas heridas con balines durante las manifestaciones sociales #DerechosHumanos #PS https://t.co/w3hk9twPdg
1204510266135851009,2019-12-10 21:16:40,#NoHayDerecho a ser torturada por decir lo que piensas. Karina es una de las cientos de mujeres v√≠ctimas de vej√°menes durante las manifestaciones sociales #DiaDeLosDerechosHumanos #PS https://t.co/zzA3ggLkEg
1204179005676642305,2019-12-09 23:20:22,#NoHayDerecho a no poder expresar tu opini√≥n. Diego es una de las miles de v√≠ctimas de la violenta represi√≥n durante manifestaciones sociales    #DerechosHumanos #PS https://t.co/CvXqkNGRxp
1204128646862114817,2019-12-09 20:00:15,#PS lanza campa√±a ‚ÄúNo hay derecho‚Äù para sensibilizar sobre irrestricto respeto a los derechos humanos #NoHayDerecho #ActitudSocialista https://t.co/NoTYm1yL8U
1204073450932969472,2019-12-09 16:20:55,"Este mediod√≠a el #PS, liderado por su presidente, senador @alvaroelizalde, lanz√≥ la campa√±a ""No hay derecho"", en el marco del D√≠a Internacional de los Derechos Humanos que se conmemora este martes 10 #NoHayDerecho #ActitudSocialista https://t.co/beDWnqcX02"
1203309657948852226,2019-12-07 13:45:53,"Con una masiva asistencia, el presidente del #PS, @alvaroelizalde,  inaugura a esta hora el seminario internacional ""Feminismo y Nueva Constituci√≥n"" organizado por @MujeresPS, @FESChile y el @iigualdad https://t.co/OkBMJbQWLb"
1202981368591896577,2019-12-06 16:01:23,"Declaraci√≥n p√∫blica: oposici√≥n impulsar√° leyes para participaci√≥n ind√≠gena, mujeres e independientes en Convenci√≥n Constituyente https://t.co/XeoWYCWbcb"
1202950725141192704,2019-12-06 13:59:37,"Sobre dichos del presidente del Banco Central, el timonel del #PS, @alvaroelizalde, afirma que ""es fundamental llegar a un entendimiento que involucre una agenda social antiabusos que se haga cargo de la demanda ciudadana"" https://t.co/MGpGRNl4hD"
1202946003499921408,2019-12-06 13:40:51,".@alvaroelizalde, presidente del #PS, y pol√©mica por himno de Carabineros en las calles: ""La Contralor√≠a ha sido clara. M√°s que desfilar y cantar, me gustar√≠a ver a Carabineros controlando la delincuencia"" https://t.co/PTuwLhyb5E"
1202942042738872320,2019-12-06 13:25:07,"Presidente del #PS, @alvaroelizalde, participa a esta hora en matinal @ContigoCHV, de @chilevision https://t.co/CZsGJDUDnJ"
1201846517696360448,2019-12-03 12:51:53,"En @Bienvenidos13, @alvaroelizalde asegura que ""el bono anunciado por el Presidente @sebastianpinera va en la l√≥gica de reactivaci√≥n, pero no da cuenta de la demanda social de fondo. Pi√±era no est√° convencido de la necesidad de cambios estructurales al modelo de desarrollo"". #PS https://t.co/1Rfv7khzgV"
1201842632412028930,2019-12-03 12:36:27,"‚ÄúDebe crearse un plan nacional de protecci√≥n al empleo, eso funcion√≥ en el a√±o 2009. El clima va a cambiar en la medida que se den respuestas sociales‚Äù, asegura @alvaroelizalde, presidente del #PS, en @Bienvenidos13 @canal13 https://t.co/e072KjVuqd"
1201837204256915456,2019-12-03 12:14:53,"Sobre medidas del Gobierno, @alvaroelizalde afirma en @Bienvenidos13 que ‚Äúson valorables pero insuficientes. Los recursos frescos son menos que los dispuso el Gobierno para la crisis de 2009. Es necesario discutir nuestro sistema tributario para generar recursos permanentes‚Äù #PS https://t.co/f5cRqwxzLS"
1201832818512408578,2019-12-03 11:57:27,"‚ÄúEs imprescindible reforzar iniciativas para proteger el empleo, porque en caso contrario vamos a tener un drama social adicional al que hemos visto estos d√≠as en las calles‚Äù, afirma el presidente del #PS,  @alvaroelizalde, en @Bienvenidos13 https://t.co/z3FNMPPLf0"
1200794852515991552,2019-11-30 15:12:57,"Presidente del #PS, @alvaroelizalde, y presidenta de @iigualdad, Clarisa Hardy, inauguran esta ma√±ana Encuentro de Colaboradores/as para el Proceso Constituyente #NuevaConstitucionParaChile #NuevaConstituci√≥n #ActitudSocialista https://t.co/uSxSwn8ju8"
1200177722686889984,2019-11-28 22:20:41,"Presidente y secretario general del #PS, @alvaroelizalde y @santanderps, junto al senador @carlosmontestwt, encabezan reuni√≥n del Regional Metropolitano con direcciones comunales, concejales y consejeros regionales en nuestra sede de calle Par√≠s #ActitudSocialista https://t.co/8f3ZBAOvDw"
1200038478827937793,2019-11-28 13:07:23,"""Condenamos la violencia sin ning√∫n doble est√°ndar, pero esto requiere medidas en todos los √°mbitos, no s√≥lo en seguridad, sino tambi√©n en lo social"", afirma @alvaroelizalde, presidente del #PS, en @ContigoCHV https://t.co/Us5fTLoJkj"
1200033814183108608,2019-11-28 12:48:51,"""El Presidente Pi√±era trata de evadir y traspasar su responsabilidad al Congreso con proyectos de seguridad. La ley antiencapuchados criminaliza la manifestaci√≥n social pac√≠fica"", asegura el presidente del #PS, @alvaroelizalde, en @ContigoCHV https://t.co/eYYX6QmAZa"
1200028956008706048,2019-11-28 12:29:33,"A esta hora el presidente del #PS, senador @alvaroelizalde, participa en matinal @ContigoCHV, de @chilevision https://t.co/KafQuIreXG"
1199868722502160384,2019-11-28 01:52:50,"Presidente del #PS, @alvaroelizalde, y proyectos de seguridad anunciados por el Presidente Pi√±era: ""Condenamos de forma categ√≥rica la violencia, pero si el Gobierno se quiere lavar las manos y tirar la pelota al Congreso, est√° equivocando nuevamente la estrategia"" https://t.co/PgUpVlqKhX"
1199721718039887872,2019-11-27 16:08:41,Declaraci√≥n p√∫blica de partidos pol√≠ticos de oposici√≥n rechazando espiral de violencia irracional y violaciones a los derechos humanos #PS https://t.co/e2cxLbsxdr
1199436785106870272,2019-11-26 21:16:28,Declaraci√≥n p√∫blica del Partido Socialista de Chile frente al informe de Human Rights Watch sobre graves violaciones a los derechos humanos en  nuestro pa√≠s #PS. https://t.co/l5TcVYjzEn
1199391945438748673,2019-11-26 18:18:18,"Presidente del #PS, @alvaroelizalde, e informe de Human Rigths Watch que acus√≥ graves violaciones a los derechos humanos en Chile https://t.co/oGBY7zMFGe"
1199326549645938688,2019-11-26 13:58:26,"Un #Chile m√°s justo necesita un nuevo pacto social, y as√≠ lo proponemos con nuestra agenda contra las desigualdades y los abusos #ActitudSocialista #PS #NuevoPactoSocial https://t.co/VhcmOS5U6U"
1199291489152622597,2019-11-26 11:39:07,"""Lo que hemos generado es un tipo de sociedad que no considera un desarrollo inclusivo, lo que a su vez ha creado niveles de hast√≠o y enojo que requieren una respuesta social urgente, que incluya sueldos y pensiones dignas"", afirma el pdte #PS, @alvaroelizalde, en @Bienvenidos13 https://t.co/ZHZnajpSwT"
1199289959632572416,2019-11-26 11:33:02,"Ahora en @Bienvenidos13, de @canal13, el presidente del #PS, @alvaroelizalde, conversa sobre el acuerdo por el proceso constituyente y las medidas que deber√≠an responder a las demandas sociales https://t.co/02XrH8IPGh"
1199078252893089794,2019-11-25 21:31:47,"Es urgente impulsar medidas concretas y profundas que respondan la demanda ciudadana. Conoce la propuesta del #PS en materia de pensiones, contenida en nuestra agenda contra las desigualdades y los abusos #ActitudSocialista https://t.co/v2nr0OuJYA"
1198998591982972929,2019-11-25 16:15:15,El 25 de noviembre es el D√≠a Internacional de la Eliminaci√≥n de la Violencia contra las Mujeres. Sum√©monos todos y todas a esta causa #diacontralaviolenciadegenero #ActitudSocialista https://t.co/gLoJGoWJSW
1198383106232860673,2019-11-23 23:29:32,"Propuesta de Convergencia Progresista, integrada por #PS @PPD_Chile y @PRadicalcl, para una mayor participaci√≥n en el proceso constituyente por la #NuevaConstitucionParaChile https://t.co/gTD0BroWei"
1198263764484796416,2019-11-23 15:35:18,"Lamentamos comunicar el sensible fallecimiento de la madre de nuestro diputado y presidente de la @JS_Chile, @Juan_SantanaC, compa√±era Aurora Castillo N√∫√±ez. Nuestras m√°s sinceras condolencias a toda su familia y amigos en estos momentos de dolor. Un abrazo fraterno"
1198015130077990915,2019-11-22 23:07:19,Esta tarde se constituy√≥ la comisi√≥n t√©cnica encargada de materializar e implementar el acuerdo por una #NuevaConstitucionParaChile. Por parte del #PS asisti√≥ @ALeverkuhn83 https://t.co/ZvMZvSn2Va
1197951713866469376,2019-11-22 18:55:20,Declaraci√≥n p√∫blica del Partido Socialista de Chile en relaci√≥n al rechazo del informe de Amnist√≠a Internacional por parte del Gobierno y las FFAA https://t.co/lCrFKL7A4U
1197271076037910531,2019-11-20 21:50:43,La agenda social es urgente. Debemos impulsar medidas concretas que respondan la demanda ciudadana. Conoce nuestra propuesta en salud contenida en nuestra agenda contra las desigualdades y los abusos #PS #ActitudSocialista https://t.co/geyFBNrdtr
1196609357963808768,2019-11-19 02:01:17,Declaraci√≥n p√∫blica de la Comisi√≥n Pol√≠tica del Partido Socialista de Chile #PS https://t.co/3V5hYa8FBl
1196595554798768128,2019-11-19 01:06:26,"H√©ctor G√≥mez, diputado y secretario de Relaciones Internacionales del @PSOE, celebra el acuerdo alcanzado en Chile para una #NuevaConstituci√≥n @PSOEInternacion #PS https://t.co/hBmPVU6BL6"
1196535241080528897,2019-11-18 21:06:46,"Presidente del #PS, @alvaroelizalde, y selecci√≥n de candidatos para la Convenci√≥n Constitucional #NuevaConstituci√≥n #NuevaConstitucionParaChile https://t.co/wSLjlEvCxE"
1196498068453183488,2019-11-18 18:39:04,Conoce un resumen de nuestra agenda social contra las desigualdades y los abusos que presentamos a fines de octubre. Contiene 17 propuestas concretas en diferentes √°mbitos. M√°s informaci√≥n detallada en nuestra p√°gina web https://t.co/32gpJW4bs7 https://t.co/M4rLETkyJm
1196063425257988097,2019-11-17 13:51:57,"""Uno de los temas fundamentales son las pensiones. Nuestra propuesta es aumentar un 50% las PBS. Tambi√©n creemos que se debe avanzar en una fijaci√≥n de precios de medicamentos y en transporte gratuito para adultos mayores"", afirma @alvaroelizalde en Mesa Central, de @T13. #PS https://t.co/4xjyn64aEA"
1196058070608166913,2019-11-17 13:30:40,"Presidente del #PS, @alvaroelizalde,  asegura en Mesa Central, de @T13, que ""hay temas pendientes que debemos asumir: una ambiciosa agenda antiabusos, porque hay una demanda social; una agenda que ponga fin a los privilegios de la pol√≠tica; y el cese a las violaciones de DDHH"""
1196054586118877185,2019-11-17 13:16:49,"""M√°s que el acuerdo entre partidos, aqu√≠ la protagonista fue la gente. Esto no habr√≠a sido posible si no fuera por un pa√≠s que se moviliz√≥ en las calles exigiendo m√°s democracia"", afirma @alvaroelizalde, presidente del #PS, en Mesa Central de @T13 https://t.co/7j7z1VhTBz"
1195800038347300865,2019-11-16 20:25:20,Declaraci√≥n p√∫blica: Partido Socialista de Chile reitera petici√≥n de renuncia del general director de Carabineros y exige que ministro Blumel asuma su responsabilidad ante descontrol policial #PS https://t.co/UqBnuto0f4
1195731642654109696,2019-11-16 15:53:33,"El #PS reitera solicitud de renuncia al general director de Carabineros, Mario Rozas, por cuanto la instituci√≥n ha sido incapaz de mantener el orden p√∫blico sin violar los DDHH. No ha estado a la altura en el desarrollo de su labor en marco del Estado de Derecho #RenunciaRozas"
1195502549576699905,2019-11-16 00:43:13,"Palabras del presidente del #PS, @alvaroelizalde, tras acuerdo pol√≠tico para #NuevaConstituci√≥n.  #AsambleaConstituyente #NuevaConstitucionParaChile #ActitudSocialista https://t.co/cHmCWXGAA9"
1195468572052602883,2019-11-15 22:28:12,Declaraci√≥n p√∫blica: Partido Socialista de Chile reafirma su compromiso con agenda contra las desigualdades y los abusos tras firma del ‚ÄúAcuerdo por la Paz y la Nueva Constituci√≥n‚Äù #PS #ActitudSocialista https://t.co/tw2FfPAWul
1195218078537338880,2019-11-15 05:52:50,"Acuerdo Por La Paz  Social y la Nueva Constituci√≥n que les permitir√° a los chilenos y chilenas definir si quieren una #NuevaConstituci√≥n y a trav√©s de qu√© mecanismo, entre ellos la Convenci√≥n Constitucional, cuyos miembros ser√°n electos √≠ntegramente #PS https://t.co/XtYwztRwlY"
1195021080513171456,2019-11-14 16:50:02,"""Los sectores m√°s duros de la derecha se est√°n imponiendo con una propuesta profundamente antidemocr√°tica. Nosotros hemos propuesto que sea la ciudadan√≠a la que decida a trav√©s de un plebiscito el mecanismo para elaborar una #NuevaConstituci√≥n"", se√±al√≥ @alvaroelizalde, pdte #PS https://t.co/vO169te8iM"
1195012401101451264,2019-11-14 16:15:33,Declaraci√≥n p√∫blica del Partido Socialista de Chile respecto de la forma y el mecanismo para elaborar una #NuevaConstituci√≥n  #PS https://t.co/iszoxmSn0S
1194981770976014339,2019-11-14 14:13:50,"""Para avanzar hacia nueva Constituci√≥n, no hay que temerle a la participaci√≥n. Los socialistas estamos por Asamblea Constituyente que d√© verdadero protagonismo a ciudadanos/as, pero finalmente son est@s los que deben decidir en plebiscito"", dijo @alvaroelizalde en @MuchoGustoMEGA https://t.co/EUqDfPnlOA"
1194949701965111296,2019-11-14 12:06:24,"Ahora en @MuchoGustoMEGA, el presidente del #PS, @alvaroelizalde, conversa sobre el mecanismo para elaborar una #NuevaConstituci√≥n https://t.co/ecv7prJxcj"
1194679903834296321,2019-11-13 18:14:19,El plebiscito es la forma para que el pueblo decida si quiere una Nueva Constituci√≥n y a trav√©s de qu√© mecanismo #PlebiscitoAhora #NuevaConstituci√≥n #PS #ActitudSocialista https://t.co/SSA1WJRuI2
1194609243837665282,2019-11-13 13:33:33,#PS presenta propuesta para Asamblea Constituyente / v√≠a @ElMercurio_cl #NuevaConstituci√≥n #AsambleaConstituyente https://t.co/qpSBtjMTZE
1194348508314251264,2019-11-12 20:17:28,Declaraci√≥n p√∫blica de partidos de oposici√≥n frente a los √∫ltimos acontecimientos que ha vivido el pa√≠s #PS https://t.co/hcQ2SvfXvO
1194269009618907136,2019-11-12 15:01:34,"Para que los trabajadores puedan negociar en igualdad de condiciones, plebiscito para una #NuevaConstituci√≥n y para definir el mecanismo de su elaboraci√≥n #PS #ActitudSocialista https://t.co/6QiuiBH2JA"
1194222881405898753,2019-11-12 11:58:17,Las apuestas de cada partido pol√≠tico para avanzar en una #NuevaConstituci√≥n. Ac√° üëá la del #PS / v√≠a @latercera https://t.co/98VRtbOdZH https://t.co/ypP3pla779
1194071233404506112,2019-11-12 01:55:41,"Constitucionalistas, acad√©micos, parlamentarios, @iigualdad y parte de la Mesa Directiva del #PS se reunieron este lunes para analizar propuesta de plebiscito para una #NuevaConstituci√≥n y el mecanismo para elaborarla. #ActitudSocialista https://t.co/8U2l7jXwo6"
1193985838323044352,2019-11-11 20:16:21,"Presidente del #PS, senador @alvaroelizalde, y proceso para una #NuevaConstituci√≥n #ActitudSocialista https://t.co/0pB7pokP5s"
1193940884708085766,2019-11-11 17:17:43,"#Efem√©ride: Hace 36 a√±os, Sebasti√°n Acevedo Becerra dio su vida por sus hijos secuestrados por la CNI. Tras su sacrificio, se cre√≥ el Movimiento contra la Tortura ""Sebasti√°n Acevedo"". Honor y Gloria https://t.co/1aqKZzzjIg"
1193663997700165634,2019-11-10 22:57:28,Declaraci√≥n p√∫blica: Partido Socialista de Chile condena Golpe de Estado en Bolivia y exige nuevas elecciones #PS https://t.co/F9GlyNPrjT
1193556225583173633,2019-11-10 15:49:14,"Esta ma√±ana el #PS exigi√≥ al ministro Blumel el cese inmediato del uso de balines. Adem√°s, junto con condenar toda forma de violencia, pidi√≥ la renuncia del general director de Carabineros, Mario Rozas. Tambi√©n insisti√≥ en la necesidad de un plebiscito para una #NuevaConstituci√≥n https://t.co/jAugAhBjJa"
1193219860593102848,2019-11-09 17:32:38,"Por pensiones dignas, plebiscito para una #NuevaConstituci√≥n #PS #ActitudSocialista https://t.co/gQKPufwFYe"
1192831247007059969,2019-11-08 15:48:25,"Para que la salud sea un derecho de tod@s, plebiscito para una #NuevaConstituci√≥n #PS #ActitudSocialista https://t.co/gHxvjqA9qO"
1192767815331336194,2019-11-08 11:36:22,"Carta de presidentes de partidos de oposici√≥n, entre ellos @alvaroelizalde, quienes rechazan toda forma de violencia, venga de donde venga, pero reiteran que √∫nica salida posible es un plebiscito para una #NuevaConstituci√≥n y resguardo de los DDHH https://t.co/ypDGZZ7geL"
1192518899893444613,2019-11-07 19:07:16,Declaraci√≥n del Partido Socialista de Chile frente a la ‚Äúagenda de seguridad‚Äù anunciada por el Presidente Sebasti√°n Pi√±era #PS https://t.co/GAx9Ya6W5W
1192503321245949952,2019-11-07 18:05:22,"Saludamos el acuerdo de la Asamblea Extraordinaria de la @AChMChile, que se√±ala la voluntad mayoritaria, de m√°s de 170 alcaldes y alcaldesas, de realizar Consultas Ciudadanas Comunales en todo el pa√≠s para preguntar a los vecinos y vecinas si quieren #NuevaConstituci√≥n https://t.co/iyWYY7oufn"
1192489157282664453,2019-11-07 17:09:05,"Presidente del #PS, @alvaroelizalde, rechaza medida de Pi√±era de convocar al COSENA en estos momentos y asegura que salida democr√°tica es llamar a un plebiscito para una #NuevaConstituci√≥n https://t.co/o6E3XHNYLF"
1192213596517937154,2019-11-06 22:54:06,Que la gente decida. As√≠ lo exigen en la calle miles de chilenos y chilenas. Plebiscito para una #NuevaConstituci√≥n #PS #ActitudSocialista https://t.co/CyQb1jKmur
1191715067559129088,2019-11-05 13:53:07,"Por m√°s y mejores derechos, plebiscito para una #NuevaConstituci√≥n #PS #ActitudSocialista https://t.co/NXyQDqQisz"
1191457063525867521,2019-11-04 20:47:54,"#Efem√©ride: el 4 de noviembre de 1970, Salvador Allende Gossens asume como Presidente de la Rep√∫blica. 49 a√±os despu√©s, se vuelven a abrir las grandes alamedas https://t.co/IkEd3ENoO2"
1191424651265740800,2019-11-04 18:39:07,Necesitamos un nuevo marco de convivencia que represente a todos y todas. Plebiscito para una #NuevaConstituci√≥n #PS #ActitudSocialista https://t.co/AqHHdO0KPY
1191148006227292160,2019-11-04 00:19:49,"Establecer en qu√© sociedad vamos a vivir, con qu√© modelo, qu√© derechos se aseguran a las personas y c√≥mo se exige cuenta al que gobierna, entre otros temas. Eso es posible con una nueva Constituci√≥n. Por eso, plebiscito para una #NuevaConstituci√≥n https://t.co/V9Jlab63ef"
1190998911617568768,2019-11-03 14:27:22,¬øPor qu√© una #NuevaConstituci√≥n nacida en democracia? Conoce m√°s en este documento elaborado por @iigualdad https://t.co/Kez68wxujQ
1190635726771294209,2019-11-02 14:24:12,"Presidentes del #PS, @alvaroelizalde; del @PPD_Chile, @HeraldoMunoz, y del @PRadicalcl, @MaldonadoCurti, entregan contrapropuesta a agenda social del Gobierno y exigen plebiscito para una #NuevaConstituci√≥n, como una forma de resolver la crisis social y pol√≠tica https://t.co/3BlL1kFz5J"
1190327126962196481,2019-11-01 17:57:56,"Entre todos seamos capaces de llevar adelante los cambios que millones de chilenos demandan en las calles. Por ti, por m√≠, por todos y todas, vamos por una #NuevaConstituci√≥n #PS #ActitudSocialista https://t.co/LjgjOczMIH"
1190039858187771904,2019-10-31 22:56:26,El plebiscito es el camino para avanzar hacia una #NuevaConstituci√≥n. Este es el momento de tener una verdadera democracia para todos y todas. #PS #ActitudSocialista https://t.co/oV2gY37X2r
1189964496149864449,2019-10-31 17:56:59,"""Le exigimos al Gobierno el total esclarecimiento para que se determinen las responsabilidades en las violaciones a los DDHH, que esperamos nunca m√°s vuelven a acontecer en Chile"", afirm√≥ el presidente del #PS, @alvaroelizalde, tras reuni√≥n en La Moneda https://t.co/5fA7HuQQwd"
1189961892304961536,2019-10-31 17:46:38,"""Hemos planteado 19 propuestas espec√≠ficas en materia social. Creemos es necesario impulsar una agenda antiabuso que permita enfrentar con decisi√≥n la desigualdad. Adem√°s, insistimos en un plebiscito para una nueva Constituci√≥n, dijo @alvaroelizalde, tras reuni√≥n en La Moneda https://t.co/59PWF2VBnv"
1189958955323273216,2019-10-31 17:34:57,"Tras reuni√≥n en La Moneda, presidente del #PS, @alvaroelizalde, la calific√≥ como insuficiente y asegur√≥ que ""el Gobierno no dimensiona lo que est√° aconteciendo en el pa√≠s"" https://t.co/kVn01llESf"
1189915216970211328,2019-10-31 14:41:09,"En este momento en La Moneda, nuestro presidente, @alvaroelizalde, presenta al ministro Blumel nuestra agenda social contra desigualdades y abusos, que contiene m√°s de 15 propuestas concretas en diferentes √°mbitos. M√°s detalles en nuestra p√°gina web https://t.co/32gpJW4bs7 https://t.co/iXsMIVyegt"
1189881850916999168,2019-10-31 12:28:34,"Presidente del #PS, @alvaroelizalde,  tras confirmar asistencia a La Moneda para reunirse con ministro Gonzalo Blumel https://t.co/ieSyCfcaz2"
1189634656716677120,2019-10-30 20:06:19,Plebiscito para una #NuevaConstituci√≥n https://t.co/kXpv5RgIcO
1189566252114726912,2019-10-30 15:34:30,"Presidente del #PS, @alvaroelizalde, sobre suspensi√≥n de #APEC y #COP25 https://t.co/4guEHFYN5h"
1189260144804270082,2019-10-29 19:18:08,"El plebiscito es el camino para avanzar hacia una #NuevaConstitucion Este es el momento de tener una verdadera democracia para todos, que termine con los abusos y las desigualdades https://t.co/lC6hVkhvsw"
1189006651526963201,2019-10-29 02:30:51,"Declaraci√≥n p√∫blica: Un grave retroceso en derechos humanos

https://t.co/kOuCN1F1jR https://t.co/l4DmSsbsIc"
1188861919463124992,2019-10-28 16:55:44,"Presidente del #PS, @alvaroelizalde, sobre #CambioDeGabinete https://t.co/j0ASFNn6y3"
1188812361634856960,2019-10-28 13:38:48,"""Se volvieron a violar los derechos humanos en Chile. Eso es inaceptable en cualquier contexto, m√°s a√∫n en democracia. La responsabilidad pol√≠tica es del ministro del Interior, Andr√©s Chadwick"", asegura el presidente del #PS, @alvaroelizalde, en @ContigoCHV, de @chilevision https://t.co/Zg1yasagCo"
1188801696526491648,2019-10-28 12:56:25,"""Se debe abordar una agenda social ambiciosa, pero tambi√©n un cambio a la actual Constituci√≥n"", afirma el presidente del #PS, @alvaroelizalde, en @ContigoCHV, de @chilevision https://t.co/AOTFg3tdrN"
1188796733003911168,2019-10-28 12:36:42,"""La actual Constituci√≥n es una verdadera camisa de fuerza que impide realizar reformas profundas y simult√°neas. Se requiere un cambio"", asegura @alvaroelizalde, presidente del #PS, en @ContigoCHV, de @chilevision https://t.co/bX2Ozvz5u0"
1188618588204220416,2019-10-28 00:48:49,"Condenamos en√©rgicamente la represi√≥n desmedida e injustificada ejercida por FFEE de Carabineros contra la multitudinaria manifestaci√≥n pac√≠fica y familiar, con ni√±os y adultos mayores incluidos, en Valpara√≠so. Nada justifica este nivel de violencia, m√°s a√∫n en democracia https://t.co/XAYFBB9nq9"
1188467349525061632,2019-10-27 14:47:51,"""Debemos debatir en serio un impuesto a los s√∫per ricos, a su patrimonio, y cambiar el sistema de AFP, incorporando solidaridad. La sociedad de mercado no da soluciones a la gente"", afirma @alvaroelizalde, presidente del #PS, en @estadonacional de @TVN https://t.co/Nj1q6dPP1A"
1188462527463804928,2019-10-27 14:28:41,"""No hay voluntad real de parte del Gobierno. Aqu√≠ se requiere un cambio de pol√≠tica y de agenda. Eso implica cambiar la camisa de fuerza que es la actual Constituci√≥n"", dice @alvaroelizalde, presidente del #PS, en @estadonacional https://t.co/g1bp1AS9Xl"
1188458211906592770,2019-10-27 14:11:32,"""Junto con una agenda social intensiva, se requieren cambios estructurales"", asegura @alvaroelizalde, presidente del #PS, en @estadonacional https://t.co/Ye3l0ckQIC"
1188455623886868487,2019-10-27 14:01:15,"Presidente del #PS, @alvaroelizalde, afirma en @estadonacional que ""es fundamental avanzar hacia una nueva Constituci√≥n nacida en democracia, porque la de hoy es una camisa de fuerza que impide darle respuestas a los chilenos"" https://t.co/fBVJzklluC"
1188451802032812032,2019-10-27 13:46:04,"Sobre el cambio de gabinete, presidente del #PS, @alvaroelizalde,  asegura en @estadonacional que ""pueden cambiar los rostros, pero si el Gobierno no se hace cargo de las demandas, no est√° dando respuestas a los chilenos que salieron a las calles"" https://t.co/SmftZ7SlaM"
1187791900914393089,2019-10-25 18:03:51,"Regional Metropolitano del #PS llama a marchar por un nuevo pacto social y una nueva constituci√≥n. Viernes 25 de octubre 17:00 horas, Par√≠s 873 @PsDireccionRM https://t.co/VHTuX0e8Dz"
1187773643268542469,2019-10-25 16:51:18,"Entrevista al presidente del #PS, @alvaroelizalde, en @EmolTV, donde analiz√≥ la actual crisis social y pol√≠tica del pa√≠s https://t.co/lqUwxCobkg"
1187745911562231808,2019-10-25 15:01:07,"""Necesitamos una nueva Constituci√≥n que nos d√© garant√≠a a todos y de la cual todos nos sintamos parte. Aquello nos parece esencial para el tipo de sociedad que estamos construyendo"", asevera el presidente del #PS, @alvaroelizalde, en @EmolTV"
1187745276104237056,2019-10-25 14:58:35,"""Aqu√≠ debemos reflexionar sobre el tipo de sociedad que estamos construyendo. Requerimos un  nuevo modelo de desarrollo inclusivo"", afirma @alvaroelizalde, presidente del #PS, en @EmolTV"
1187744673416257538,2019-10-25 14:56:12,"Presidente del #PS, @alvaroelizalde,  asegura en @EmolTV que ""nosotros tenemos toda la voluntad de di√°logo, sin exclusiones, pero al parecer el Presidente Pi√±era no est√° toma conciencia de lo que est√° pasando"" https://t.co/a4Qmk7vaLV"
1187491838112026625,2019-10-24 22:11:31,"Regional Metropolitano del #PS llama a marchar por un nuevo pacto social y una nueva constituci√≥n. Viernes 25 de octubre 10:00 horas, Par√≠s 873 @PsDireccionRM https://t.co/1r8pBd1Ltk"
1187477106713862144,2019-10-24 21:12:59,@guillermohakim al correo brigadaabogadosps@gmail.com cc @AbogadosPS
1187447615224500225,2019-10-24 19:15:47,Si eres v√≠ctima o sabes de alguna vulneraci√≥n a los DDHH puedes contactar a @TodasYTodosAbo https://t.co/va5E7eAL9F
1187433524762165248,2019-10-24 18:19:48,"#PS aborda con dirigentes sociales, sindicales y estudiantiles la actual crisis social¬† y pol√≠tica del pa√≠s #ActitudSocialista 

 https://t.co/eO3Yiz8VgP"
1187391840561041410,2019-10-24 15:34:10,#PS se re√∫ne con director del Instituto de Derechos Humanos y entrega respaldo a su labor #ActitudSocialista https://t.co/j2NSQ5ORk0
1187369927583457280,2019-10-24 14:07:05,"A esta hora el #PS, encabezado por su presidente, @alvaroelizalde, se re√∫ne con dirigentes sociales, sindicales y estudiantiles para analizar la actual situaci√≥n que vive  nuestro pa√≠s #ActitudSocialista https://t.co/KNjlvPJGXq"
1187350108142264320,2019-10-24 12:48:20,"Presidente del #PS, @alvaroelizalde, y vicepresidenta de la Mujer, @karydelfino, junto a senadores socialistas, se re√∫nen con director del @inddhh para respaldar labor del organismo en el marco de la crisis social y pol√≠tica que vive nuestro pa√≠s #ActitudSocialista https://t.co/2NH3lPBnIU"
1187154713411637248,2019-10-23 23:51:54,"Jefe de @bancadaPSchile, @DiputadoMonsalv, sobre actual crisis social y pol√≠tica https://t.co/6KQWm5m3XC"
1187128720135458816,2019-10-23 22:08:37,"Jefe de @SenadoresPS, @carlosmontestwt, sobre actual crisis social y pol√≠tica https://t.co/op0g9ceAZI"
1187100504305917952,2019-10-23 20:16:30,"Presidente del #PS, @alvaroelizalde, ante graves denuncias de violaciones a los DDHH https://t.co/o2M50nPMwL"
1187086905252483072,2019-10-23 19:22:27,Defendamos los DDHH #ActitudSocialista https://t.co/Vg2FAkgwMd
1187066531324321793,2019-10-23 18:01:30,"Declaraci√≥n p√∫blica de la Mesa Ejecutiva del #PS, Bancada de Senadores y Bancada de Diputados frente a violaciones de DDHH y anuncios del Presidente Pi√±era https://t.co/zXjLT02naP"
1186763555363872768,2019-10-22 21:57:35,"Como #PS estamos disponibles para el di√°logo, pero sin exclusiones #ActitudSocialista https://t.co/LVyl6BexMy"
1186687606911832065,2019-10-22 16:55:47,Declaraci√≥n p√∫blica del #PS respecto de la reuni√≥n convocada por el Presidente Pi√±era en La Moneda https://t.co/AYywJ4UDcE
1186420939002699776,2019-10-21 23:16:09,#NoEstamosEnGuerra #PS https://t.co/stolIaxLyf
1186366348730998786,2019-10-21 19:39:13,#NoEstamosEnGuerra #PS https://t.co/AN2IvhPx9Y
1186325760396742659,2019-10-21 16:57:56,Instrucciones para la militancia #PS #ActitudSocialista https://t.co/8yOjnMiH6e
1186305906381856768,2019-10-21 15:39:03,"Presidente del #PS, @alvaroelizalde, junto a senadores socialistas y partidos de oposici√≥n, hace un llamado al di√°logo y declara categ√≥ricamente que el pa√≠s no est√° en guerra #NoEstamosEnGuerra https://t.co/9T85wc0niZ"
1186053702592925696,2019-10-20 22:56:53,"Cuidemos a nuestros compatriotas, sobre todo en las comunas populares. Hacemos un llamado a militares y carabineros a actuar con prudencia, a controlar a los delincuentes, pero cuidando a quienes se manifiestan de forma pac√≠fica #PS #ToquedeQuedaChile"
1186038083734642693,2019-10-20 21:54:49,"#PS hace llamado a todos los sectores sociales y pol√≠ticos a promover cambios que pongan fin a los abusos #ActitudSocialista 
 https://t.co/utqSsgBQVg"
1186001447822999552,2019-10-20 19:29:14,"Presidente del #PS, @alvaroelizalde,   asegura en @T13 que ""aqu√≠ hay un cr√≠tica profunda a las instituciones. Se requieren miradas distintas. El debate es c√≥mo ponemos fin a los abusos"""
1185997621464305666,2019-10-20 19:14:02,"En @T13, el presidente del #PS, @alvaroelizalde, afirma que ""la gente quiere que paren los abusos, aunque nada justifica la violencia"". Agrega que ""entre todos nos tenemos que hacer cargo para resolver los problemas"""
1185944335294050315,2019-10-20 15:42:17,"Mesa Ejecutiva del #PS, parlamentarios y alcaldes hablaron esta ma√±ana en conferencia de prensa tras grave situaci√≥n que vive el pa√≠s: ""El Gobierno dej√≥ de gobernar. Se debe cambiar la agenda social y pol√≠tica, y que la prioridad sea c√≥mo entre todos ponemos fin a los abusos"" https://t.co/OsSnqcY1dg"
1185678089369608199,2019-10-19 22:04:19,"Mesa Ejecutiva del #PS, parlamentarios, alcaldes de la Regi√≥n Metropolitana y dirigentes de gremios sociales se reunieron esta tarde para analizar la grave situaci√≥n que vive nuestro pa√≠s y acordaron emitir una declaraci√≥n p√∫blica #ActitudSocialista https://t.co/HGgd2lZXGw"
1185652265220214785,2019-10-19 20:21:43,Declaraci√≥n p√∫blica de la Mesa Ejecutiva del Partido Socialista de Chile tras declaraci√≥n de Estado de Emergencia en la Regi√≥n Metropolitana #PS #ActitudSocialista https://t.co/ol7KZZuDnO
1185602551682666498,2019-10-19 17:04:10,"#PS llama al Gobierno a revocar alza de tarifas y poner fin al Estado de Excepci√≥n, haci√©ndose cargo del problema de fondo https://t.co/PxyCJdZtOK #ActitudSocialista"
1185346733221519361,2019-10-19 00:07:38,"Declaraci√≥n p√∫blica del Partido Socialista de Chile frente al anuncio del ministro del Interior, Andr√©s Chadwick, de invocar la Ley de Seguridad del Estado por las manifestaciones ciudadanas contra el alza de las tarifas del Transantiago #PS #ActitudSocialista https://t.co/taAl9TxANC"
1185216666013179905,2019-10-18 15:30:48,"Presidente del #PS, @alvaroelizalde, llama al Presidente @sebastianpinera a enfrentar con di√°logo episodios de manifestaciones en estaciones del @metrodesantiago    #ActitudSocialista https://t.co/Ftyn7JMWHY"
1184478290414915584,2019-10-16 14:36:45,"Las y los socialistas estamos por las #40Horas. Nos vemos en el #Festivalxlas40horas este domingo 20 de octubre, desde las 11:00 horas, en la Alameda con Portugal #ActitudSocialista https://t.co/GaLTTXjEvc"
1183771659590930433,2019-10-14 15:48:51,"Presidente del #PS, @alvaroelizalde, y su par del @PPD_Chile, @HeraldoMunoz, se reunieron con la mesa del @Senado_Chile, encabezada por @senadorquintana y @adeurresti, para entregar propuesta en materia de seguridad y control de armas. #ActitudSocialista https://t.co/giTTlECd8U"
1182368394701627403,2019-10-10 18:52:47,Declaraci√≥n p√∫blica: Socialistas expresan su rechazo a beneficios carcelarios a violadores de derechos humanos #PS #ActitudSocialista https://t.co/7zyXcQPZRK
1182342001586520064,2019-10-10 17:07:54,"En B√©lgica, invitada por el Centro de Acci√≥n Laica de ese pa√≠s, la senadora y vicepresidenta del #PS, @iallendebussi, asisti√≥ a la Universidad Libre de Bruselas, donde particip√≥ de un homenaje a su padre, el ex Presidente Salvador Allende, y comparti√≥ con refugiados chilenos https://t.co/pmxiBpIiUO"
1181719365743513603,2019-10-08 23:53:46,"Mesa Directiva del #PS, encabezada por nuestro presidente, @alvaroelizalde, participa en Vi√±a del Mar en Encuentro Nacional de Concejales para dialogar con ediles socialistas de todo el pa√≠s #ActitudSocialista https://t.co/yXjOdm8Bk9"
1181283067438260233,2019-10-07 19:00:05,"#Efem√©ride: el 7 de octubre de 2005, durante el Gobierno de @RicardoLagos, se publica la Ley de Violencia Intrafamiliar #ActitudSocialista https://t.co/I1DhTpawqN"
1180928137338728448,2019-10-06 19:29:43,"Presidente del #PS, @alvaroelizalde, responde dichos del senador RN Andr√©s @allamand en La Tercera Domingo #ActitudSocialista https://t.co/LXHq9USAi7"
1180537225194418177,2019-10-05 17:36:22,"Presidente del #PS, @alvaroelizalde, particip√≥ este mediod√≠a en sede del @PRadicalcl en acto conmemorativo por 31 a√±os del triunfo del No, junto a timoneles del @PPD_Chile, la @PDC_Chile y el @PRadicalcl, y el ex Presidente @RicardoLagos #5deOctubre #ActitudSocialista https://t.co/RoShcgIwQ4"
1180455949397569537,2019-10-05 12:13:24,Hoy conmemoramos 31 a√±os del triunfo del plebiscito que marc√≥ el fin de la dictadura #5deOctubre #31a√±osdeltriunfo #ActitudSocialista https://t.co/q6y2EeWcxn
1180280127676137472,2019-10-05 00:34:45,"Este viernes el #PS inaugur√≥ su nueva sede en la ciudad de Talca, en ceremonia encabezada por nuestro presidente y senador por la Regi√≥n del Maule, @alvaroelizalde #ActitudSocialista ‚úä https://t.co/jVWlDx1Erc"
1179918640721879043,2019-10-04 00:38:20,"En un acto encabezado por nuestro presidente @alvaroelizalde, esta tarde el #PS inaugur√≥ su nueva sede partidaria en la ciudad de Concepci√≥n #ActitudSocialista ‚úä https://t.co/pJ026upxt7"
1179467461588127744,2019-10-02 18:45:30,"En este #D√≠aNacionalDelMedioambiente, como #PS reafirmamos nuestro compromiso con el cuidado del medio ambiente establecido en el XXXI Congreso Socialista de enero de 2019, donde nos declaramos ecologista #ActitudSocialista https://t.co/NwDZGzZqKN"
1178064862460727296,2019-09-28 21:52:05,Este s√°bado el #PS realiz√≥ Encuentro Nacional con directivas regionales para coordinar pr√≥ximos desaf√≠os pol√≠ticos y electorales #ActitudSocialista https://t.co/JQlT8fGFlQ
1178004138271105029,2019-09-28 17:50:47,"El Partido Socialista de Chile expresa su profundo pesar por la muerte del sacerdote jesuita Jos√© Aldunate, quien en vida luch√≥ en las condiciones m√°s adversas por el respeto a los derechos humanos durante la dictadura militar. Nuestras sinceras condolencias a su familia y amigos https://t.co/VyODqcyrml"
1177983519097786369,2019-09-28 16:28:51,"Presidente #PS, @alvaroelizalde, interviene en seminario internacional ""Desaf√≠os de la Socialdemocracia, la Izquierda y el Progresismo en el Mundo: Experiencias en Europa y en Am√©rica Latina‚Äù, que organiza @iigualdad, @FundacionPD y @fpabloiglesias del @PSOE #ActitudSocialista https://t.co/z1otl0VVl8"
1177934277239070725,2019-09-28 13:13:11,"Ante m√°s de 100 personas y con la presencia de la senadora @iallendebussi, el presidente del #PS, @alvaroelizalde, inaugura el seminario ""Sustentabilidad del agua: un nuevo modelo para Chile"" en @iigualdad https://t.co/tOe8Ttet2z"
1177633926183100417,2019-09-27 17:19:42,Delegaci√≥n del @PSOE visita sede del #PS y se re√∫ne con secretario general  #ActitudSocialista https://t.co/nw0TOMVIhf
1177389157297065985,2019-09-27 01:07:04,"Presidente del #PS, @alvaroelizalde, y vicepresidenta de la Mujer, @karydelfino, junto a @HeraldoMunoz, participan en Uruguay en encuentro de la Alianza Progresista y @FESuruguay, invitados por Daniel Mart√≠nez, candidato presidencial del @Frente_Amplio https://t.co/AK4BqOFeli"
1177311881939185665,2019-09-26 20:00:00,#PS e @iigualdad organizan seminario para analizar crisis h√≠drica en Chile #ActitudSocialista https://t.co/EDPB1xTzfW
1177233212986351618,2019-09-26 14:47:24,".@santanderps, junto a secretarios generales del @PRadicalcl y el @PPD_Chile, participa en reuni√≥n de Convergencia Progresista con el secretario general de la @PDC_Chile, @moralesnordetti #ActitudSocialista https://t.co/K8A0SJAMJp"
1176983298226171904,2019-09-25 22:14:20,"El #PS valora que la Justicia haya confirmado condena contra el autor del crimen del compa√±ero diputado Luis Espinoza Villalobos durante la dictadura, padre de nuestro actual diputado por Los Lagos, @fideldiputado. Verdad y justicia para el compa√±ero Espinoza. ¬°Honor y Gloria!"
1176854280155873280,2019-09-25 13:41:39,"Inscr√≠bete en la segunda Escuela de Formaci√≥n Pol√≠tica de @MujeresPS ""Julieta Kirkwood"" 2019. Descarga el programa y formulario de postulaci√≥n ac√° üëâüèΩ  https://t.co/zq6qZKR044 https://t.co/wpZBoZzImq"
1176277614186631168,2019-09-23 23:30:12,"#PS respalda proyecto para reducir jornada laboral a 40 horas #ActitudSocialista 
https://t.co/1yABUZq0e3"
1176147667317153793,2019-09-23 14:53:50,"Participa el pr√≥ximo s√°bado 28 de septiembre, desde las 9:30 horas, en el seminario ""Sustentabilidad del agua: un nuevo modelo para Chile"". Inscr√≠bete en https://t.co/kGxBOoLn8R #ActitudSocialista https://t.co/ayeQLhVGOw"
1174080692617121794,2019-09-17 22:00:25,".@alvaroelizalde y acusaciones contra @mbachelet: ""Son absurdas y carentes de sentido"" / v√≠a  @Pauta_cl https://t.co/0QBUCVJ6qd"
1173953877869236224,2019-09-17 13:36:30,¬°Felices Fiestas Patrias! #ActitudSocialista https://t.co/xpPNpCsGxM
1173708643793100800,2019-09-16 21:22:01,"Conoce en el siguiente link las resoluciones del √∫ltimo Pleno del Comit√© Central del #PS, desarrollado el pasado s√°bado en el ex Congreso Nacional. https://t.co/g3spn1osgV #ActitudSocialista"
1173220135500484608,2019-09-15 13:00:52,#PS presiona a la DC para rechazar Reforma Tributaria condicionando alianzas pol√≠ticas / v√≠a @ElMercurio_cl https://t.co/KIsW5DAvh0
1173057739100229633,2019-09-15 02:15:34,#PS acuerda rechazar reformas del Gobierno y pide unidad en la oposici√≥n / v√≠a @latercera Domingo https://t.co/3Ao4nWvMGZ
1172888987666722817,2019-09-14 15:05:00,A esta hora el #PS realiza una nueva sesi√≥n del Pleno de su Comit√© Central en el ex Congreso Nacional https://t.co/w529kVlwt8
1172847562371604480,2019-09-14 12:20:23,Mesa #PS vincula futuras alianzas pol√≠ticas del partido al rechazo de reformas del Gobierno / v√≠a @ElMercurio_cl https://t.co/7Bx3mHJHNN
1172268650205761536,2019-09-12 22:00:00,"Partido Socialista reinaugura memorial en Parque por la Paz Villa Grimaldi #ActitudSocialista 

https://t.co/KLjx7K6yut"
1172243453390049280,2019-09-12 20:19:53,Secretario general del #PS valora primera reuni√≥n entre Convergencia Progresista y Mesa Nacional del Frente Amplio #ActitudSocialista https://t.co/O7yRApU07S
1171915023876317184,2019-09-11 22:34:49,"Con la presencia de la vicepresidenta de la Mujer, @karydelfino, y el ex presidente @CamiloEscalonaM, el #PS reinaugur√≥ en @villagrimaldi su memorial en homenaje a los compa√±eros/as socialistas https://t.co/iut8MZ34Zm"
1171830768257179648,2019-09-11 17:00:01,"Directivas del #PS y el @PPD_Chile rinden homenaje a ex Presidente Salvador Allende #ActitudSocialista #AllendeVive 

https://t.co/CdbYEeKAcM"
1171798273255989249,2019-09-11 14:50:53,"""Cuando el ministro del Interior dice que es un d√≠a normal, no olvidemos que √©l en el pasado celebraba el 11 de septiembre. Y ahora, como se averg√ºenza de lo que fue su compromiso con la dictadura, entonces se√±ala que es un d√≠a normal"", pdte. del #PS, @alvaroelizalde, en @Emol https://t.co/gIpqolLKQq"
1171760598209761283,2019-09-11 12:21:11,"Directivas del #PS y @PPD_Chile, encabezadas por sus presidentes @alvaroelizalde y @HeraldoMunoz, rinden homenaje al compa√±ero Presidente Salvador Allende y a las v√≠ctimas de la dictadura #AllendeVive #46A√±osDelGolpe https://t.co/1Ib6UyuHwa"
1171756713483100160,2019-09-11 12:05:45,"Parte del discurso del Presidente Salvador Allende el 11 de septiembre de 1973, en Santiago. 

Sus ideas siguen vigentes m√°s fuertes que nunca  #AllendeVive #46a√±osdelGolpe #ActitudSocialista https://t.co/xO5e28oVN4"
1171578769578110977,2019-09-11 00:18:40,"Parte del discurso del Presidente Salvador Allende el 11 de septiembre de 1973, en Santiago. Sus ideas siguen vigentes #AllendeVive #ActitudSocialista https://t.co/YoOMfxnFKE"
1171547462068314112,2019-09-10 22:14:15,".@PSMacul invita a su militancia y adherentes al acto ¬°Ni perd√≥n ni olvido! Unidos conmemoramos a Venda Sexy. 11 de septiembre, 18:00 horas, plaza Arabia #ActitudSocialista https://t.co/HF3hWZ9duS"
1171508346723004417,2019-09-10 19:38:50,".@alvaroelizalde llama a modificar un TC que est√° perjudicando a la mayor√≠a de los chilenos #ActitudSocialista 
https://t.co/Pas32xdn28"
1171476097990451202,2019-09-10 17:30:41,Este 11 de septiembre conmemoramos los 46 a√±os del golpe c√≠vico militar y sus v√≠ctimas #46a√±osdelGolpe #MemoriaViva #AllendeVive https://t.co/kQ8CgPwaNP
1171465828149035010,2019-09-10 16:49:52,".@ComunalStgoPS invita a su militancia y adherentes a la ""Ruta por la memoria y la vida"". 11 de septiembre, 18:00 horas, Metro ULA #ActitudSocialista https://t.co/3qmyXvspWQ"
1171419546877644800,2019-09-10 13:45:58,"Presidente y secretario general del #PS, @alvaroelizalde y @santanderps, participan en nueva reuni√≥n de Convergencia Progresista junto a timoneles del @PPD_Chile, @HeraldoMunoz, y del  @PRadicalcl, @MaldonadoCurt #ActitudSocialista https://t.co/SOsHFw9tUL"
1171066519914254336,2019-09-09 14:23:10,"Presidente del #PS, @alvaroelizalde, junto a vicepresidente @Insulza, senadores y diputados, participa esta ma√±ana en ceremonia ""Fraternitas Republicana"", organizada por la @GranLogiaChile  #ActitudSocialista https://t.co/b4SwVnqIFY"
1170849175250046977,2019-09-08 23:59:31,Este 11 de septiembre conmemoramos los 46 a√±os del golpe c√≠vico militar y sus v√≠ctimas #46a√±osdelGolpe #MemoriaViva #AllendeVive https://t.co/cnbw8EooEx
1170808501192380416,2019-09-08 21:17:53,"Parte del discurso del Presidente Salvador Allende el 4 diciembre de 1971, en Santiago. Sus ideas siguen vigentes #AllendeVive #ActitudSocialista https://t.co/GvSsXfEtQz"
1170721992972099586,2019-09-08 15:34:08,El #PS y la @JS_Chile presentes en la Marcha por el Derecho a la Memoria #SeptiembreSeLlamaAllende #ActitudSocialista https://t.co/6qAYK9dGLa
1170677993834012673,2019-09-08 12:39:18,Ex presidentes #PS articulan regreso de antiguos militantes que no se reafiliaron. Comisi√≥n especial ha trabajado en tres regiones para recopilar informaci√≥n / v√≠a @ElMercurio_cl #ActitudSocialista https://t.co/X8vwhw7oJf
1170466291267899393,2019-09-07 22:38:04,"Parte del discurso del Presidente Salvador Allende el 4 diciembre de 1971, en Santiago. Sus ideas siguen vigentes #AllendeVive #ActitudSocialista https://t.co/cr0xZYLkCr"
1169978527048982529,2019-09-06 14:19:52,"Parte del discurso del Presidente Salvador Allende ante las Naciones Unidas, en Nueva York, 1972. 

Sus ideas siguen vigentes #AllendeVive #ActitudSocialista https://t.co/9hKLR0Juof"
1169784484323102721,2019-09-06 01:28:49,"Porque ""Septiembre se llama Allende"", este domingo 8, desde las 9:30 horas, los y las socialistas marchamos por el derecho a la memoria #ActitudSocialista https://t.co/hnigyuCwtm"
1169744913090699265,2019-09-05 22:51:34,"Parte del discurso del Presidente Salvador Allende ante las Naciones Unidas, en Nueva York, 1972. 

Sus ideas siguen vigentes #AllendeVive #ActitudSocialista https://t.co/S039dDO2GF"
1169718675315863553,2019-09-05 21:07:19,Declaraci√≥n p√∫blica del Partido Socialista de Chile tras dichos de Bolsonaro contra ex Presidenta Bachelet #ActitudSocialista https://t.co/jg9LFpfGau
1169616514724577281,2019-09-05 14:21:22,"Hoy nos sumamos al reconocimiento internacional del rol de la mujer ind√≠gena y saludamos su coraje. Especial saludo a nuestra representante mapuche en el Congreso, diputada @DEmiliaNuyado, incansable luchadora por la justicia social https://t.co/7Bvf8jPvKL"
1169408473899196421,2019-09-05 00:34:41,Los y las socialistas nos sumamos a la jornada de #ProtestaNacional del jueves 5 de septiembre ‚úä #NosCansamosNosUnimos https://t.co/ZuurDp9NpO
1169361432288346115,2019-09-04 21:27:45,El #PS quiere expresar su pesar ante la partida de Esmilinda Mar√≠a Pinda Peye https://t.co/KEGwS5z3BW
1169316808962301952,2019-09-04 18:30:26,Senador @alvaroelizalde pide  a Presidente @sebastianpinera realizar protesta formal ante descalificaciones de Bolsonaro contra Bachelet | #ActitudSocialista https://t.co/xSS5dsRaRd
1169282184760496131,2019-09-04 16:12:51,"Parte del discurso del Presidente Salvador Allende en Guadalajara, M√©xico, 1972. Sus ideas siguen vigentes #AllendeVive #ActitudSocialista https://t.co/5ZTMWX9KGl"
1169234223519150080,2019-09-04 13:02:16,"#Efem√©ride: El 4 de septiembre de 1970 nuestro compa√±ero Salvador Allende es elegido Presidente de la Rep√∫blica. Significar√≠a el ascenso al poder, por primera vez en la historia, de las fuerzas populares de nuestro pa√≠s

#AllendeVive #ActitudSocialista https://t.co/XTIls3XUAG"
1169037397985845250,2019-09-04 00:00:10,"Parte del discurso del Presidente Salvador Allende en Guadalajara, M√©xico, 1972. Sus ideas siguen vigentes #AllendeVive #ActitudSocialista https://t.co/jhgXVcH0TQ"
1169029897110654977,2019-09-03 23:30:21,"""La presencia de los ministros (en comisiones del Senado) va a ser requerida para concentrarse en legislar"", afirma @alvaroelizalde, presidente del #PS, en @24HorasTVN"
1169029183298789376,2019-09-03 23:27:31,"El presidente del #PS, @alvaroelizalde, asegura en @24HorasTVN que el conjunto de las bancadas de oposici√≥n del @Senado_Chile acordaron que permitir√°n ingreso de subsecretarios a comisiones, siempre que est√©n presentes los ministros"
1168933140334821378,2019-09-03 17:05:53,"#Efem√©ride: el 3 de septiembre de 2004, durante el Gobierno de @RicardoLagos, se publica la ley que garantiza el acceso al tratamiento de enfermedades o problemas de salud, en plazos y costos definidos https://t.co/W88CeAru1E"
1168894309401276416,2019-09-03 14:31:35,"El presidente del #PS, @alvaroelizalde, estuvo este lunes en #Pichilemu participando del encuentro pol√≠tico ciudadano por los 10 a√±os del alcalde Roberto C√≥rdova a cargo del municipio local #ActitudSocialista https://t.co/ruzdNmEQcc"
1168592718441996288,2019-09-02 18:33:10,"Del 2 al 13 de septiembre de 10:00 a 20:00 horas, de lunes a viernes, y s√°bado de 10:00 a 14:00, te invitamos a visitar nuestra exposici√≥n fotogr√°fica ""Vivos Recuerdos"" #ActitudSocialista #VivosRecuerdos #DetenidosDesaparecidos https://t.co/3z9VVwAcGX"
1168558096173731841,2019-09-02 16:15:35,"Acompa√±ado de las directivas del @PPD_Chile y el @PRadicalcl, esta ma√±ana el presidente del #PS, @alvaroelizalde, reinaugur√≥ la exposici√≥n fotogr√°fica ""Vivos Recuerdos"" en nuestra sede de calle  Par√≠s. https://t.co/YJZ0Q0mxk8"
1168209075601125379,2019-09-01 17:08:42,"#Efem√©ride: el 1 de septiembre de 1995 nos dej√≥ Mar√≠a de la Cruz Toledo, una de las l√≠deres del feminismo nacional y la primera mujer en ocupar un cargo en el Senado https://t.co/h95uFpGXyA"
1167835032930664448,2019-08-31 16:22:23,#PS reinaugurar√° exposici√≥n fotogr√°fica ‚ÄúVivos Recuerdos‚Äù en marco de la conmemoraci√≥n de 46 a√±os del Golpe Militar #ActitudSocialista  https://t.co/4WwB80aDUu
1167797518996033537,2019-08-31 13:53:19,Expresidentes del #PS inician encuentros previo al refichaje / v√≠a @ElMercurio_cl https://t.co/gvATvJCp87
1167422127491956736,2019-08-30 13:01:39,#PS rinde homenaje a quienes dieron su vida por un Chile m√°s justo y menos desigual. #D√≠aDelDetenidoDesaparecido #D√≥ndeEst√°n #VivosRecuerdos https://t.co/i7lrXQEh1S
1167228658936889346,2019-08-30 00:12:53,"Lamentamos comunicar el sensible fallecimiento del compa√±ero y militante del @PSChile, Gast√≥n Guzm√°n Mu√±oz, fundador del grupo Quelentaro. Nuestras condolencias a toda su familia y amigos del mundo de la cultura y las artes https://t.co/t6k9u8Xhl5"
1167051608347332608,2019-08-29 12:29:20,Directiva #PS suspende ingreso de nuevos militantes en San Ram√≥n ante crisis interna / v√≠a @ElMercurio_cl https://t.co/8cVET03TPJ
1166480990212173825,2019-08-27 22:41:54,Vicepresidencia de la Mujer del #PS adjudica Fondo Concursable ‚ÄúMichelle Pe√±a‚Äù 2019 #ActitudSocialista  https://t.co/TzwDhu9YdG
1166371059895021571,2019-08-27 15:25:05,"""Es evidente que los compromisos de Sebasti√°n Pi√±era en campa√±a no se han cumplido. Los anuncios de ayer en materia econ√≥mica son insuficientes y tard√≠os"", dice @alvaroelizalde, presidente del #PS, en @EmolTV https://t.co/o4lfH9QQ4u"
1166369579460890629,2019-08-27 15:19:12,"""El proyecto de Reforma Laboral del Gobierno es una mala iniciativa. Esta discusi√≥n no puede realizarse sobre la base de pasar a llevar derechos que han ganado los trabajadores"", asegura el presidente del #PS, @alvaroelizalde, en @EmolTV"
1166367569554673664,2019-08-27 15:11:13,"""Cuando un vocero de Gobierno no clarifica las cosas, no se entiende nada. La ministra P√©rez ha sido confusa en su √∫ltima declaraci√≥n"", asevera el presidente del #PS, @alvaroelizalde, en @EmolTV"
1166366931072552960,2019-08-27 15:08:41,"Presidente del #PS, @alvaroelizalde, afirma en @EmolTV que ""el Gobierno critica la denuncia de tres senadores de oposici√≥n contra la ministra P√©rez y ahora hacen lo mismo contra el senador Montes. Se busca empatar"""
1166366112218529793,2019-08-27 15:05:25,"Sobre conflicto con Gobierno, presidente del #PS, @alvaroelizalde, asegura en @EmolTV que ""no se entendi√≥ el gesto de ayer, si as√≠ fuera, de la ministra Cecilia P√©rez"""
1166359349188530177,2019-08-27 14:38:33,"Presidente #PS, senador @alvaroelizalde, a partir de las 11:00 horas estar√° en entrevista con @emoltv #ActitudSocialista https://t.co/BUeFhr7IwR"
1166324331380654081,2019-08-27 12:19:24,"Presidente del Partido Socialista, @alvaroelizalde, responde √∫ltimas declaraciones de la vocera de @GobiernodeChile, @ceciperez1, sobre el #PS #ActitudSocialista https://t.co/ImJv431GX6"
1166082141052133378,2019-08-26 20:17:01,"Direcci√≥n Regional Metropolitana cita al Comit√© Regional Ampliado este jueves 29 de agosto. No te pierdas esta importante reuni√≥n, donde se tratar√°n, entre otros temas, el programa de trabajo y pr√≥ximos procesos electorales #ActitudSocialista https://t.co/TcmTGaS4SQ"
1165743808321118208,2019-08-25 21:52:37,Un resumen de lo que fue nuestro Encuentro Nacional de Dirigentes de Juntas de Vecinos y Organizaciones Comunitarias #juntasdevecinosPS #ActitudSocialista https://t.co/fmjYAFYeVB
1165632676881227779,2019-08-25 14:31:01,"Presidente del #PS, @alvaroelizalde, se√±ala en @estadonacional de @TVN que ""nosotros hemos actuado con firmeza y tomado medidas. Sin embargo, se estableci√≥ un prejuicio contra todo el partido. Y se utiliza este argumento para destruir a quien piensa distinto"""
1165628118226415618,2019-08-25 14:12:54,".@alvaroelizalde, presidente del #PS, afirma en @estadonacional de @TVN que ""el Gobierno sabe que es falso que haya v√≠nculos del partido, como instituci√≥n, con el narcotr√°fico. Esa no es una din√°mica que se requiere en una democracia madura"""
1165627235170234368,2019-08-25 14:09:23,"Presidente del #PS, @alvaroelizalde,  asegura en @estadonacional de @TVN que ""la ministra vocera qued√≥ inhabilitada despu√©s de sus declaraciones"" contra el partido"
1165420697415499777,2019-08-25 00:28:41,"Este domingo 25 a las 10:00 nuestro presidente, senador @alvaroelizalde, estar√° en @estadonacional de @TVN para abordar el conflicto entre el Gobierno y el #PS https://t.co/3weGDiB05Y"
1165367778683080706,2019-08-24 20:58:24,"Ante un Sal√≥n de Honor lleno, comisiones de trabajo exponen sus conclusiones en plenario del Encuentro Nacional de Dirigentes de  Juntas de Vecinos y Organizaciones Comunitarias. #juntasdevecinosPS #ActitudSocialista https://t.co/sO8J6Gj8Bl"
1165290466683830272,2019-08-24 15:51:11,"Presidente del #PS, @alvaroelizalde, interviene en Encuentro Nacional de Juntas de Vecinos y Organizaciones Comunitarias #juntasdevecinosPS #ActitudSocialista https://t.co/ch6vVg2GqA"
1165274713964392449,2019-08-24 14:48:36,Sigue en vivo el Encuentro Nacional de Juntas de Vecinos y Organizaciones Comunitarias del #PS en nuestro Fanpage https://t.co/A44Fw5ND6h #juntasdevecinosPS #ActitudSocialista https://t.co/S9nX1jQJF2
1165271099732615168,2019-08-24 14:34:14,A esta hora comenzamos masivo Encuentro Nacional de Dirigentes de Juntas de Vecinos y Organizaciones Comunitarias del #PS en Congreso Nacional de Santiago #juntasdevecinosPS #ActitudSocialista https://t.co/5SYnik0QwO https://t.co/a887nd2wmW
1165039058504040449,2019-08-23 23:12:11,Mesa Ejecutiva del #PS se re√∫ne con alcaldes socialistas para abordar pr√≥ximos desaf√≠os #ActitudSocialista  https://t.co/unMdzzoaC8
1164619969524637696,2019-08-22 19:26:52,La #ReformaTributaria s√≥lo favorece al 1% m√°s rico de Chile y no mejora el sistema tributario de la gran mayor√≠a de las Pymes #NoM√°sDesigualdades #ActitudSocialista https://t.co/GZHbe9NlHG
1164599117181571072,2019-08-22 18:04:01,"‚úäRecuerda, este S√°bado es el encuentro nacional de dirigentes de Juntas de Vecinos y Organizaciones Comunitarias del #PS ‚ÜòÔ∏è

 https://t.co/EJkXDdKzlx https://t.co/krz3OTY0Jd"
1164318647998980097,2019-08-21 23:29:32,"Presidente del #PS, senador @alvaroelizalde, destaca unidad del partido¬†y de la oposici√≥n¬†ante¬†conflicto con el Gobierno, luego de reunirse con bancadas¬†socialistas https://t.co/qRj5LTv93S"
1164248617844183040,2019-08-21 18:51:15,El #PS saluda a las y los compa√±eros/as de la Central Unitaria de Trabajadores @Cutchile por sus 110 a√±os de hist√≥rica lucha y compromiso con los trabajadores. https://t.co/6tMDIuBYHy
1163922522355785728,2019-08-20 21:15:28,"Presidente del #PS, @alvaroelizalde: ‚ÄúTenemos una leg√≠tima preocupaci√≥n por la educaci√≥n y el Gobierno nos responde con un insulto‚Äù https://t.co/i61uYSvB1u"
1163571980173500419,2019-08-19 22:02:32,Declaraci√≥n p√∫blica de la Mesa Ejecutiva del Partido Socialista de Chile tras dichos de vocera de Gobierno: #PS emplaza a ministra P√©rez a entregar antecedentes ante la justicia https://t.co/UCJjjDmBBD
1163074777441026048,2019-08-18 13:06:50,"Carmen Lazo, orgullo socialista #ActitudSocialista https://t.co/tnNJcPznJb"
1162473242654851073,2019-08-16 21:16:33,"Tras destacada rendici√≥n de cuentas y aplicaci√≥n de normas, Administrador General de Fondos del #PS expone en seminario del Servel y Tricel #ActitudSocialista https://t.co/gv2VcYORtu https://t.co/Cxnw0oPgLf"
1162401744971804672,2019-08-16 16:32:27,Mesa Ejecutiva del #PS convoca a Encuentro Nacional de Dirigentes de Juntas de Vecinos y Organizaciones Comunitarias https://t.co/EJkXDdKzlx
1161692766302351361,2019-08-14 17:35:13,#PS concentra revisi√≥n de militancia en zonas con padr√≥n abultado https://t.co/s6MdtoHu1c https://t.co/apxjNthzoZ
1161011975955996672,2019-08-12 20:30:00,Presidentes regionales del #PS destacan y valoran reuni√≥n de coordinaci√≥n con Mesa Ejecutiva https://t.co/dOwOMiAtLJ
1160971086818938882,2019-08-12 17:47:31,Presidente del PS participa en nueva reuni√≥n de Convergencia Progresista reafirmando llamado a rechazar reintegraci√≥n¬†tributaria https://t.co/pZUiHNDZ7d https://t.co/5LVEZ6gExm
1160970493584953345,2019-08-12 17:45:10,Mesa Ejecutiva del PS se re√∫ne con presidentes regionales para abordar pr√≥ximos desaf√≠os https://t.co/vHu6fi7oi8 https://t.co/tWT2XQmZh7
1160320444622397442,2019-08-10 22:42:06,"Este s√°bado nueva jornada de actividades junto a presidentes y presidentas regionales del #PS. Nuestro secretario general, Andr√©s Santander, encabez√≥ reuni√≥n con comisi√≥n de ex presidentes y ex secretarios generales #ActitudSocialista https://t.co/OEsmgKCKUe"
1160210965809500167,2019-08-10 15:27:04,Mesa Ejecutiva del #PS se reuni√≥ este viernes con presidentes regionales de la colectividad para coordinar actividades y abordar pr√≥ximos desaf√≠os #ActitudSocialista https://t.co/YxwUK1iQ9A
1159616554079854592,2019-08-09 00:05:05,PS califica como una amenaza grave para los trabajadores la reforma a la Direcci√≥n del Trabajo https://t.co/CTeJZMfhEw https://t.co/l29M2rAlSu
1159542618029793282,2019-08-08 19:11:18,"Enviamos como Partido Socialista de Chile nuestras condolencias a la familia y amigos del destacado acad√©mico, ecologista y ex candidato presidencial Mandred Max Neef, quien tuvo un reconocido compromiso con el medioambiente. Q.E.P.D."
1159523809441058816,2019-08-08 17:56:33,Participa el pr√≥ximo 24 de agosto en el Encuentro Nacional de Dirigentes de Juntas de Vecinos y Organizaciones Comunitarias del @PSChile. Inscr√≠bete en  https://t.co/75NMDwvX4B https://t.co/e8Owabmx8P
1159161464298647554,2019-08-07 17:56:43,"A 51 a√±os de la promulgaci√≥n de la Ley de Junta de Vecinos y Organizaciones Comunitarias, hoy saludamos a todos los/as dirigentes/as vecinales que d√≠a a d√≠a contribuyen a forjar un mejor pa√≠s. #D√≠aDirigenteSocial https://t.co/Spfw1Nsch5"
1158821927596765184,2019-08-06 19:27:32,Nuestras consideraciones como @PSChile sobre la #ReformaTributaria propuesta por el Gobierno que hoy se discute en el Congreso Nacional #PS #ActitudSocialista https://t.co/HiNNUaSvIA
1157326031927291904,2019-08-02 16:23:22,L√≠deres socialistas de Brasil visitan nuestra sede¬†central https://t.co/76VIgEzbyr https://t.co/CjSUw2lYct
1156550173268619269,2019-07-31 13:00:23,"Nuestras sinceras condolencias como @PSChile al Presidente Tabar√© V√°zquez y su familia, as√≠ como tambi√©n a su partido @Frente_Amplio, al Gobierno y a todo el pueblo de la Rep√∫blica de Uruguay, por el sensible fallecimiento de la primera dama Mar√≠a Auxiliadora Delgado, Q.E.P.D."
1156231804141166594,2019-07-30 15:55:18,Como Partido Socialista de Chile creemos en mejores #pensiones para hoy y ma√±ana #ReformaPrevisional #PS https://t.co/3qUjv4ODbH
1154807809822855168,2019-07-26 17:36:51,"Vicepresidencia de la Mujer del @PSChile, @MujeresPS, lanza postulaci√≥n a fondos concursables ""Michelle Pe√±a"" 2019  https://t.co/YieNh43LAb"
1154508175195828224,2019-07-25 21:46:13,Declaraci√≥n P√∫blica del Partido Socialista por atentados con bombas en comunas de Huechuraba y Las Condes #PS https://t.co/fM55kBZQoK
1154454525975175169,2019-07-25 18:13:02,"Vicepresidencia de la Mujer del @PSChile, @MujeresPS, lanza postulaci√≥n a fondos concursables ""Michelle Pe√±a"" 2019 https://t.co/Elh0ZULmG9"
1153810629389455360,2019-07-23 23:34:25,"Declaraci√≥n P√∫blica sobre la Reforma Previsional aprobada ayer, de forma un√°nime, por la Mesa Directiva Nacional del Partido Socialista de Chile #PS https://t.co/tdk8DQyq0s"
1153457121167650816,2019-07-23 00:09:42,Declaraci√≥n P√∫blica: Partido Socialista de Chile exige caducidad de concesi√≥n a ESSAL https://t.co/MtlFNMeI9e
1153398080458412034,2019-07-22 20:15:06,"Tras reuni√≥n de la Mesa con @bancadaPSchile y @SenadoresPS, presidente del #PS, senador @alvaroelizalde, asegur√≥ que votaci√≥n de Reforma Previsional se trat√≥ sobre materias acotadas, pero que proyecto sigue estando lejos de propuestas de la oposici√≥n https://t.co/u9eFA2bOA5"
1153082019540328449,2019-07-21 23:19:11,"Como Partido Socialista de Chile lamentamos la pronta partida del destacado periodista de @TVN y @24HorasTVN, #FidelOyarzo, quien por largos a√±os cumpli√≥ labores en el Congreso Nacional. Nuestras sinceras condolencias a toda su familia, amigos y compa√±eros de @congreso_prensa"
1151861520009224192,2019-07-18 14:29:21,Mesa Ejecutiva del PS encabez√≥ reuniones bilaterales con directivas del Partido Radical y la Democracia Cristiana https://t.co/G8gYE2DR3A https://t.co/EjXyAzBqX5
1151597649713405953,2019-07-17 21:00:49,"En el marco de bilaterales que desarrolla la nueva Mesa Directiva con partidos de oposici√≥n, nuestro presidente, senador @alvaroelizalde, encabeza a esta hora reuni√≥n con directiva de la @PDC_Chile https://t.co/F98dZO04g9"
1151578920258560001,2019-07-17 19:46:24,"Mesa Directiva, encabezada por nuestro presidente, senador @alvaroelizalde, se re√∫ne a esta hora en Congreso Nacional con directiva del @PRadicalcl https://t.co/0an01zSYN3"
1151099497294049280,2019-07-16 12:01:21,Mesa Directiva del PS constituye comisi√≥n de trabajo con ex presidentes para abordar propuestas que permitan mejorar padr√≥n de¬†militantes https://t.co/ODBdf6LOg5 https://t.co/xRPyHHeet1
1150507567925346305,2019-07-14 20:49:14,"El Partido Socialista de Chile expresa sus m√°s sinceras condolencias al @PRadicalcl, en especial a su presidente @MaldonadoCurti y familia, por el sensible fallecimiento de su padre Carlos Maldonado Rojas, destacado dirigente radical que deja un valioso legado. Descansa en paz"
1149799087513862144,2019-07-12 21:53:59,INFORME ALTA COMISIONADA DD.HH. DE LA¬†ONU https://t.co/TeQewClJ32 https://t.co/WHPJj8PMUY
1149436321548705792,2019-07-11 21:52:29,"El Departamento Nacional Sindical del Partido Socialista de Chile, (DENAS), declara su total respaldo y solidaridad con la huelga legal declarada por el Sindicato Interempresas L√≠der¬†SIL https://t.co/jWFpNZQ3x4 https://t.co/NjyWsUaKWr"
1149412554420162560,2019-07-11 20:18:02,"Entre familia, amigos y compa√±eros esta tarde despedimos a la querida compa√±era Patricia Lorca (QEPD) en nuestra sede de calle Par√≠s https://t.co/BZ03Ojftmh"
1149370362653810688,2019-07-11 17:30:23,"Discurso pronunciado por el Presidente Salvador Allende en la Plaza de Los H√©roes de Rancagua, el 11 de julio de 1971, al promulgarse la ley que nacionaliz√≥ la Gran Miner√≠a del¬†Cobre https://t.co/dqM004SBb7 https://t.co/6jCYN1tF3J"
1149297048715452416,2019-07-11 12:39:03,"Saludamos y reconocemos a los y las periodistas en su d√≠a. Por su labor de informar y develar la realidad cada d√≠a, ayudando a defender y profundizar la democracia @ChilePeriodista @BrigadadePerio1"
1148689979251539969,2019-07-09 20:26:47,"Todas y todos invitados al lanzamiento del libro Jos√© C√°rcamo Barr√≠a, un socialista de otra √©poca. Viernes 12 de julio a las 19:00 horas en Phillips 84 https://t.co/2X5Pw2DZ1n"
1148340337515094017,2019-07-08 21:17:26,Mesa directiva nacional se re√∫ne con directiva de Cores Socialistas para coordinar el trabajo en conjunto #actitudsocialista https://t.co/5QNO1Lpsg9
1147886284574273536,2019-07-07 15:13:11,"Este lunes 8 de julio a las 18:00 horas recordaremos a un grande, jugado y comprometido con el socialismo, Juan Samuel Aravena, en el Centro C√≠vico de la comuna de El Bosque https://t.co/NObYdpDDJ7"
1147704173770747904,2019-07-07 03:09:32,"Ma√±ana en el @MuseoMemoriaCL recordamos el 30¬∞ aniversario del asesinato de nuestro compa√±ero Ra√∫l , rescataremos su arte y su incansable aporte gr√°fico a la recuperaci√≥n de la democracia 

üóìÔ∏è domingo 7 de julio
 
üìçMuseo de la Memoria y los DDHH

üïõ 12:00 hrs. https://t.co/NMZl4BQLRb"
1147554068371578886,2019-07-06 17:13:05,"Pleno del Comit√© Central elige a √Ålvaro Elizalde como Presidente, Andr√©s Santander como Secretario General, Isabel Allende, Jaime Romero, Carolina Oteiza, Karina Delfino, Jos√© Miguel Insulza y Maria Guajardo como vicepresidentas y vicepresidentes https://t.co/0gFJ04GNEG"
1145524462571442176,2019-07-01 02:48:09,#ActitudSocialista Comunicado p√∫blico de la Direcci√≥n Comunal de Pe√±alolen sobre consulta p√∫blica que busca limitar el libre tr√°nsito de menoresüëáüèΩ https://t.co/pQMmLFmd4C
1144643823433330688,2019-06-28 16:28:48,Ra√∫l pintaba Esperanzas. 30 a√±os de memoria. Homenajes a Ra√∫l Vald√©s Stolze a 30 a√±os de su asesinato. Honor y gloria ‚úäüèæ‚úäüèæ‚úäüèæ https://t.co/c2PXABMxQa
1143919941592276993,2019-06-26 16:32:21,"Hoy recordamos al m√°s grande de todos los socialistas, dem√≥crata ejemplar, consecuente luchador social, compa√±ero presidente Salvador Allende Gossens #AllendeVive #111A√±osAllende https://t.co/mN0yRUhbt8"
1143916841728958465,2019-06-26 16:20:02,"En el mausoleo de la familia Allende Gossens, Mesa directiva, dirigentas, dirigentes, militantes y simpatizantes participan en el homenaje por el 111¬∫ aniversario del presidente Salvador Allende #AllendeVive https://t.co/zBksCEtz7w"
1143855697106558981,2019-06-26 12:17:04,Hoy üëáüèΩüëáüèΩüëáüèΩ https://t.co/shKF48Nca5
1143532760197414913,2019-06-25 14:53:50,Este 26 de junio todas y todos invitados al homenaje por el natalicio del compa√±ero presidente Salvador Allende en el Cementerio General #ActitudSocialista https://t.co/nVR5tR6lgX
1142653289382776834,2019-06-23 04:39:08,"[#EleccionesPS2019] 

Tribunal supremo declara electas y electos a Comit√© Central Nacional y Comit√© Central por las regiones del Partido Socialista de Chile per√≠odo 2019 - 2021 https://t.co/NVcKXC5m97"
1142474591455129600,2019-06-22 16:49:03,"Socialmente iguales,
humanamente diferentes y
totalmente libres.

Rosa Luxemburgo https://t.co/SsGdHjziJK"
1142080122813591552,2019-06-21 14:41:34,@gmoholzmann @albertoprechtr @Ch_Transparente @Patonunes1 En todos los niveles https://t.co/v41DCxDTnK
1142041175492374528,2019-06-21 12:06:48,Tribunal supremo mandata a la Comisi√≥n Pol√≠tica su intervenci√≥n en la org√°nica comunal de San Ram√≥n https://t.co/YUTbckq2eE
1142035449747247104,2019-06-21 11:44:03,"[#EleccionesPS2019] Resoluci√≥n del Tribunal Supreno referente a las elecciones en la comuna de San Ram√≥n 

https://t.co/v41DCxDTnK"
1141043154558300160,2019-06-18 18:01:02,Senador @alvaroelizalde tras denuncias de irregularidades en San Ram√≥n: ‚ÄúHemos tomado la decisi√≥n de realizar una auditor√≠a al conjunto del padr√≥n del PS‚Äù https://t.co/9xGPKqjIoW
1138958779792465921,2019-06-12 23:58:28,Hist√≥rico traw√ºn en el Congreso: mapuche se hicieron escuchar en el sal√≥n plenario - El Mostrador https://t.co/0BJLeMD0sP
1138658685062995973,2019-06-12 04:06:00,"[#EleccionesPS2019]

Declaraci√≥n electas y electos Comit√© Central de Elecci√≥n nacional

Link directo https://t.co/f3yEk8lcoR"
1138584673486024704,2019-06-11 23:11:54,"#EleccionesPS2019 Declaraci√≥n p√∫blica Tribunal Supremo üëáüèΩ

Link directo 

https://t.co/I5KIab4rND"
1137035173227372550,2019-06-07 16:34:45,COMISIONES ECONONOMICA Y DE MEDIOAMBIENTE DEL PS: HABLEMOS DE DESCARBONIZACI√ìN EN¬†SERIO https://t.co/pgwGEoyvIS https://t.co/pkIWbOs7w0
1136821383709827072,2019-06-07 02:25:13,"Felicitaciones a la compa√±era  @pvodanovic y al compa√±ero @afuentealba por su triunfo junto a @TodasYTodosAbo. 

Despu√©s de 20 a√±os tendremos 2 consejeros del #PS que pondr√°n todo su empe√±o en sacar al colegio de Sanhattan. 

¬°Otro Colegio de Abogados/as es posible!"
1136654148764672000,2019-06-06 15:20:41,"üó≥ Hoy es el √∫ltimo d√≠a de votaci√≥n.  Vamos todos y todas a votar entre las 13 a las 18 hrs.  

üëâOjal√° de manera presencial  

üëâ sino, electr√≥nicamente en https://t.co/9m4Gre42ha. 

Deben votar por las 9 preferencias de la Lista A  ‚úä

#Aboguemosporelcambio https://t.co/kXfqwXefEp"
1136006584927182848,2019-06-04 20:27:30,"Feliz aniversario a los compa√±eros y compa√±eras del Partido Comunista de Chile que han luchado permanentemente por un pa√≠s digno, justo y con derechos sociales para todos y todas. Felices #107A√±osPC https://t.co/X0exkCK2Iu"
1135953562817744896,2019-06-04 16:56:49,Porque #LaHistoriaImporta
1135950702021402624,2019-06-04 16:45:26,"Hace 87 a√±os se da inicio a la Rep√∫blica Socialista de los 12 d√≠as en Chile. 

La encabezan figuras hist√≥ricas que m√°s tarde fundar√≠an el #PS. 

Qui√©n comanda el buque? 

¬°Marmaduke! https://t.co/T0sQYYcBEn"
1135672006396002314,2019-06-03 22:18:00,La Mesa del Partido Socialista ante la Cuenta P√∫blica Presidencial declara: https://t.co/IxsDEyTYgm
1134551271292186625,2019-05-31 20:04:36,"""Los tiempos mejores golpean la calidad de vida de los chilenos‚Äù: @iigualdad fustiga la gesti√≥n de Pi√±era en la antesala de la Cuenta P√∫blica https://t.co/KoFbas42wy"
1134215326361632768,2019-05-30 21:49:41,"@SenadoresPS Adem√°s de asignar una preocupaci√≥n preferente para los sectores prioritarios. 
Descargas las propuestas 
https://t.co/ttJDmrVwwq"
1134215232946094088,2019-05-30 21:49:18,"@SenadoresPS Los @SenadoresPS proponen que Ejecutivo avance en tres √°reas: Impulsar el crecimiento; transformar las reformas en reales avances para Chile, los trabajadores y los sectores medios"
1134214209493983232,2019-05-30 21:45:14,Dossier digital de la Cuenta P√∫blica donde los @SenadoresPS llaman al Gobierno a generar acuerdos amplios y rectificar su rumbo y a la unidad de la #Oposici√≥n para construir un proyecto amplio y plural del centro y la izquierda ‚á® https://t.co/w6n9XGgYih
1133535646906298368,2019-05-29 00:48:52,"[#EleccionesPS2019]

Segundo Comunicado P√∫blico del Tribunal Supremo del Partido Socialista de Chile. 

Link directo https://t.co/i4KVW58fpG"
1133177021952155648,2019-05-28 01:03:50,"[#EleccionesPS2019]

Comunicado P√∫blico del Tribunal Supremo del Partido Socialista de Chile. 

Link directo 

https://t.co/Ch3v0iFJhl"
1132766653312360448,2019-05-26 21:53:10,Ya est√°n cerrando todas las mesas de nuestra #EleccionesPS2019 con una gran participaci√≥n
1132742125265805312,2019-05-26 20:15:42,"Comunal Venezuela, desde Caracas, participan en las #EleccionesPS2019 üëèüèΩüëèüèΩ https://t.co/f7KQ6wkjXG"
1132719920486264835,2019-05-26 18:47:28,"Freirina, Las Condes y Nogales. Todo Chile participa en las #EleccionesPS2019 https://t.co/fPYYIgkMrb"
1132695628709019648,2019-05-26 17:10:57,"Toronto, Canad√°,  participando en las #EleccionesPS2019 ‚úäüèæ‚úäüèæ‚úäüèæ https://t.co/7njx3qIsg6"
1132692971483279360,2019-05-26 17:00:23,@ManenaAc @Mayafernandeza @alvaroelizalde @prensaps @JS_Chile @SenadoresPS @bancadaPSchile @MujeresPS El local de La Reina es el Centro Cultural Michoac√°n que se encuentra en Lynch norte 164 #EleccionesPS2019
1132681090706083844,2019-05-26 16:13:10,"Compa√±eros y compa√±eras participan en Montreal, Canad√°, en nuestro proceso electoral #EleccionesPS2019 https://t.co/c0wnvsEjGe"
1132644962028408832,2019-05-26 13:49:37,"Desde Bruselas, B√©lgica, participan compa√±eros y compa√±eras en nuestra jornada electoral #EleccionesPS2019 https://t.co/732ftvud3g"
1132634153608982528,2019-05-26 13:06:40,Recintos de votaci√≥n de la regi√≥n del Maule #EleccionesPS2019 https://t.co/qdvM9ohWPF
1132633603387613184,2019-05-26 13:04:29,Recintos de votaci√≥n de la regi√≥n del √ëuble #EleccionesPS2019 https://t.co/qdvM9ohWPF
1132632221578354690,2019-05-26 12:58:59,Recintos en la regi√≥n del Biob√≠o #EleccionesPS2019 https://t.co/PXJtyquq9W
1132630834085863425,2019-05-26 12:53:28,Recintos de votaci√≥n de la regi√≥n de la Araucan√≠a #EleccionesPS2019 https://t.co/YyU8ODfLQ7
1132628884976013312,2019-05-26 12:45:44,Recintos de votaci√≥n de la regi√≥n de Los Lagos #EleccionesPS2019 https://t.co/PrZoXgo4xd
1132627696486420481,2019-05-26 12:41:00,Etiquetemos nuestra jornada electoral con el HT #EleccionesPS2019 https://t.co/KWBhlvmLD3
1132626917071478784,2019-05-26 12:37:54,Recintos de votaci√≥n de la regi√≥n de Ays√©n #EleccionesPS2019 https://t.co/j15qCIJ3mT
1132625814938443776,2019-05-26 12:33:32,Triceles y recintos de votaci√≥n regi√≥n Exterior #EleccionesPS2019 https://t.co/IW1N8Ml2Dn
1132624317580230656,2019-05-26 12:27:35,Recintos de votaci√≥n de la regi√≥n de O‚ÄôHiggins #EleccionesPS2019 https://t.co/CNCksk8E89
1132623671330254848,2019-05-26 12:25:01,Locales de votaci√≥n en la regi√≥n Metropolitana #EleccionesPS2019 https://t.co/X7RfPiDQOB
1132622927420174338,2019-05-26 12:22:03,"Desde Par√≠s, Francia, compa√±eros y compa√±eras ya se encuentran votando #EleccionesPS2019 https://t.co/Cf8gkYobgS"
1132622912870076420,2019-05-26 12:22:00,Locales de votaci√≥n en la regi√≥n de Tarapac√° #EleccionesPS2019 https://t.co/mSpE9bhs95
1132622072751054850,2019-05-26 12:18:39,Comunal Suecia votando en la ciudad de Estocolmo. As√≠ se viven las #EleccionesPS2019 https://t.co/y7wKnxw9XI
1132620901122547712,2019-05-26 12:14:00,Locales de votaci√≥n de la regi√≥n de Magallanes  #EleccionesPS2019  https://t.co/s5G0rmZNou
1132609894673190912,2019-05-26 11:30:16,Ac√° encontrar√°s los Recintos de Votaci√≥n regi√≥n por regi√≥n #EleccionesPS2019 https://t.co/D4BdKIrDtC
1132084348797292546,2019-05-25 00:41:56,"Recintos de votaci√≥n, informaci√≥n de los Triceles comunales, autoacordados y m√°s en nuestra pagina Web 

#EleccionesPS2019 

üëáüèΩ

https://t.co/2UTl6cbR7j"
1130620198032150530,2019-05-20 23:43:55,"Mesa nacional, senadores, senadoras, diputadas, diputados, alcaldesas, alcaldes, dirigentas, dirigentes, militantes y simpatizantes rinden homenaje al ex Secretario General y ex Senador del Partido Socialista, Carlos Altamirano Orrego. ¬°Honor y gloria! #actitudsocialista https://t.co/38ouv2ZRBC"
1130249581940359168,2019-05-19 23:11:14,#PS realizar√° ma√±ana un acto de despedida para Carlos Altamirano en la sede del Congreso en Santiago https://t.co/Prgz88svLA
1130203770787381249,2019-05-19 20:09:11,"El Partido Socialista de Chile comunica con pesar el fallecimiento de nuestro ex Secretario General y ex Senador de la Rep√∫blica, compa√±ero Carlos Altamirano Orrego (18 de diciembre de 1922-19 de mayo de 2019). Nuestras condolencias m√°s sentidas a su familia, compa√±er@s y amig@s. https://t.co/nHt8XnBiOS"
1129467591590850561,2019-05-17 19:23:52,"Gran iniciativa de la gloriosa @JS_Chile en nuestra sede nacional. 

Reiteramos nuestro respaldo a las demandas por respeto a la diversidad sexual y a los derechos de la comunidad LGTBI üè≥‚Äçüåà #DiaContraLaLGTBIfobia https://t.co/hhk2JWNWUp"
1129450484085993473,2019-05-17 18:15:54,Declaraci√≥n Reforma De Salud | Por Un Sistema De Salud Universal De Calidad Para¬†Chile https://t.co/ZTNDHx2tNQ https://t.co/TnHVoTDGEe
1128822360524623872,2019-05-16 00:39:57,"Saquemos al Colegio de Abogados del Sanhattan. 

Aboguemos por el cambio

 ¬°Todas y todos al colegio de Abogados! ‚úäüèæ‚úäüèæ‚úäüèæ https://t.co/V52cA07RSw"
1126620980493918208,2019-05-09 22:52:28,"Ya est√°n disponibles las conclusiones de nuestro XXXI Congreso Aniceto Rodr√≠guez. 

Puedes descargar el documento desde nuestra Web ac√° https://t.co/LqC6bpXBMN 

#ActitudSocialista https://t.co/NUy64bpQBK"
1126478601673682944,2019-05-09 13:26:42,"¬øPor qu√© rechazar la reforma previsional del @GobiernodeChile? 

@iigualdad nos muestra razones en este hilo üëáüèΩ

https://t.co/Z55toRFuaj"
1124791114689589253,2019-05-04 21:41:14,"""La celebraci√≥n de Elizalde en Madrid junto al ‚Å¶@PSOE‚Å© "" https://t.co/nhWKesV2qa v√≠a ‚Å¶@latercera‚Å©"
1124790876411256838,2019-05-04 21:40:17,Todos los documentos de la #Elecci√≥nPS2019 los puedes encontrar ac√° https://t.co/2UTl6cbR7j
1123928817020678144,2019-05-02 12:34:46,‚ÄúPara cambiar Chile necesitamos grandes mayor√≠as. Por eso nos jugamos por la unidad‚Äù ‚úäüèºPresidente @alvaroelizalde en @Cooperativa #ActitudSocialista
1123630328403382272,2019-05-01 16:48:40,Nuestro presidente del #PSChile @alvaroelizalde junto al senador @carlosmontestwt comparten con sindicatos en la marcha del #DiaInternacionalDelTrabajador #1DeMayo #ActitudSocialista ‚úäüèº https://t.co/MFUex0jSKB
1123624386857250816,2019-05-01 16:25:04,"Militantes #PS presentes, como siempre, en la marcha por los derechos de los trabajadores y trabajadoras en Santiago #1eroDeMayo https://t.co/aPokW5hze0"
1123623934375673856,2019-05-01 16:23:16,"Presidente #PS, senador Alvaro Elizalde, participa junto a trabajadores y trabajadoras en la marcha convocada por la #CUT #1demayo2019 https://t.co/l3ZPitFnds"
1123382565988003840,2019-05-01 00:24:09,‚ÄúChile debe apoyar decididamente una salida pacifica a crisis venezolana. Se debe evitar el derramamiento de sangre. No es momento de sacar provecho para pol√≠tica interna sino de apoyar el di√°logo para una soluci√≥n pac√≠fica y democr√°tica q evite el enfrentamiento‚Äù @alvaroelizalde
1123332403534151680,2019-04-30 21:04:50,Este 1 de mayo las y los socialistas nos juntamos en Plaza Italia desde las 10:00 horas #yomarchoel1 https://t.co/Hx7fqQQ5tP
